{
    "Tên chủ xe": "ĐINH TẤN PHÚC",
    "Số máy": "HC12E2610878",
    "Địa chỉ": "Phước Hòa, Mong Thọ, B, CT, KG",
    "Số khung": "RLHHC1208AY110830",
    "Nhãn hiệu": "HONDA",
    "Số loại": "HC12WAWE",
    "Loại xe": "Hai bánh",
    "Màu sơn": "Bạc Đen",
    "Dung tích": "97",
    "Số người được phép chở": "02",
    "Nguồn gốc": "SX. LR trong nước",
    "Biển số đăng ký": "68V7-1943",
    "Đăng ký lần đầu ngày": "13/09/2010"
}