{
    "Tên chủ xe": "ĐẶNG VĂN MINH",
    "Số máy": "1042587",
    "Địa chỉ": "Bãi Hạ - Hồng Quang - ứng Hòa - HN",
    "Số khung": "161768",
    "Nhãn hiệu": "HONDA",
    "Số loại": "WAVE",
    "Loại xe": "Hai bánh",
    "Màu sơn": "Đen-Đỏ-Xám",
    "Dung tích": "109",
    "Số người được phép chở": "02",
    "Nguồn gốc": "SX. LR trong nước",
    "Biển số đăng ký": "29Y3-163.83",
    "Đăng ký lần đầu ngày": "10/07/2013"
}