{
    "Tên chủ xe": "NGUYỄN THỊ LƯƠNG",
    "Số máy": "5093408",
    "Địa chỉ": "Hậu Dưỡng Kim Chung Đông Anh",
    "Số khung": "093286",
    "Nhãn hiệu": "HONDA",
    "Số loại": "WAVE",
    "Loại xe": "Hai bánh",
    "Màu sơn": "Trắng-Bạc-Đen",
    "Dung tích": "97",
    "Số người được phép chở": "02",
    "Nguồn gốc": "SX. LR trong nước",
    "Biển số đăng ký": "29S1-320.52",
    "Đăng ký lần đầu ngày": "10/10/2013"
}