{
    "Tên chủ xe": "NGUYỄN THỊ PHƯƠNG TRINH",
    "Số máy": "55P-239019",
    "Địa chỉ": "Phương Bình 2, Hưng Phú, Mỹ Tú, ST",
    "Số khung": "RLCE55P10DY239916",
    "Nhãn hiệu": "YAMAHA",
    "Số loại": "EXCITER",
    "Loại xe": "Hai bánh",
    "Màu sơn": "Vàng",
    "Dung tích": "134",
    "Số người được phép chở": "02",
    "Nguồn gốc": "SX. LR trong nước",
    "Biển số đăng ký": "83P4-042.44",
    "Đăng ký lần đầu ngày": "12/06/2013"
}