{
    "Tên chủ xe": "NGUYỄN VĂN NGỌC",
    "Số máy": "JF27E0328203",
    "Địa chỉ": "Yên Thiện, Bảo Sơn, Lục Nam, BG",
    "Số khung": "1809AY285023",
    "Nhãn hiệu": "HONDA",
    "Số loại": "AIRBLADE",
    "Loại xe": "Hai bánh",
    "Màu sơn": "Đen Bạc",
    "Dung tích": "108",
    "Số người được phép chở": "02",
    "Nguồn gốc": "SX. LR trong nước",
    "Biển số đăng ký": "98N4-9750",
    "Đăng ký lần đầu ngày": "25/06/2010"
}