{
    "Tên chủ xe": "LÊ THỊ KIM YẾN",
    "Số máy": "JF46E0012753",
    "Địa chỉ": "Thôn Đông 2, Diên Điền, DK",
    "Số khung": "4608DY012700",
    "Nhãn hiệu": "HONDA",
    "Số loại": "AIRBLADE",
    "Loại xe": "Hai bánh",
    "Màu sơn": "Trắng-Xám",
    "Dung tích": "124",
    "Số người được phép chở": "02",
    "Nguồn gốc": "SX. LR trong nước",
    "Biển số đăng ký": "79D1-167.78",
    "Đăng ký lần đầu ngày": "06/02/2013"
}