{
    "Tên chủ xe": "QUÁCH THỊ LOAN THẢO",
    "Số máy": "C12E-3292065",
    "Địa chỉ": "122/38/11 Tôn Đản P10 Q4",
    "Số khung": "201BY-492037",
    "Số loại": "WAVE",
    "Nhãn hiệu": "HONDA",
    "Loại xe": "Hai bánh",
    "Màu sơn": "Đỏ-Đen-Bạc",
    "Dung tích": "97",
    "Số người được phép chở": "02",
    "Nguồn gốc": "SX, LR trong nước",
    "Biển số đăng ký": "59C1-308.36",
    "Đăng ký lần đầu ngày": "05/12/2012"
}