{
    "Tên chủ xe": "NGUYỄN VĂN THỊNH",
    "Số máy": "C52E-6010412",
    "Địa chỉ": "Quang Trung, Đông Thọ, TP TB",
    "Biển số đăng ký": "17B9-066.21",
    "Số khung": "5247DY007303",
    "Đăng ký lần đầu ngày": "26/09/2013",
    "Nhãn hiệu": "HONDA",
    "Số loại": "WAVERSX",
    "Màu sơn": "Xám-Đen-Vàng",
    "Loại xe": "Hai bánh",
    "Dung tích": "109",
    "Nguồn gốc": "SX, LR trong nước",
    "Số người được phép chở": "02"
}