{
    "Tên chủ xe": "TRƯƠNG THỊ PHƯƠNG QUÊ",
    "Số máy": "5C63539101",
    "Địa chỉ": "Hiến Thành Kinh Môn H.Dương",
    "Số khung": "30BY539050",
    "Biển số đăng ký": "34B1-379.06",
    "Đăng ký lần đầu ngày": "11/10/2011",
    "Nhãn hiệu": "YAMAHA",
    "Số loại": "SIRIUS",
    "Loại xe": "Hai bánh",
    "Màu sơn": "Đen-Đỏ",
    "Dung tích": "110",
    "Nguồn gốc": "SX, LR trong nước",
    "Số người được phép chở": "02"
}