{
    "Tên chủ xe": "TRƯƠNG QUỐC VẠN",
    "Địa chỉ": "Khối 7, Khánh Xuân, TP BMT",
    "Màu sơn": "Đen Xám",
    "Số máy": "5C63-127967",
    "Số khung": "RLCS5C6308Y127967",
    "Biển số đăng ký": "47M5-9346",
    "Nhãn hiệu": "YAMAHA",
    "Số loại": "SIRIUS",
    "Dung tích": "110",
    "Đăng ký lần đầu ngày": "16/09/2007",
    "Số người được phép chở": "02",
    "Nguồn gốc": "SX. LR trong nước",
    "Loại xe": "Hai bánh"
}