{
    "Tên chủ xe": "NGUYỄN HOÀNG SA",
    "Địa chỉ": "58 Đường Số 9 P4 Q4",
    "Màu sơn": "Trắng-Đỏ-Đen",
    "Số máy": "F27E-0948122",
    "Số khung": "Y-827920",
    "Biển số đăng ký": "59C1-162.76",
    "Nhãn hiệu": "HONDA",
    "Số loại": "AIRBLADE",
    "Dung tích": "108",
    "Đăng ký lần đầu ngày": "04/11/2011",
    "Loại xe": "Hai bánh",
    "Số người được phép chở": "02",
    "Nguồn gốc": "SX, LR trong nước"
}